wikidata,label
Q5249093,"Absolute Deception (Brian Trenchard-Smith, 2013)"
Q339127,"Accidents Happen (Andrew Lancaster, 2009)"
Q2823386,"Acolytes (Jon Hewitt, 2008)"
Q15039372,"Act of Necessity (Ian Munro, 1991)"
Q127600189,The Actress (2005)
Q91663313,"Acute Misfortune (Thomas M. Wright, 2018)"
Q3233052,"Two Mothers (Anne Fontaine, 2013)"
Q255328,"The Adventures of Priscilla, Queen of the Desert (Stephan Elliott, 1994)"
Q121079737,Aftershocks
Q21198114,"Alex & Eve (Peter Andrikidis, 2015)"
Q180363,"Alexandra's Project (Rolf de Heer, 2003)"
Q24278847,"Ali's Wedding (Jeffrey Walker, 2016)"
Q4729070,"All Men Are Liars (Gerard Lee, 1995)"
Q4729104,"All My Friends Are Leaving Brisbane (Louise Alston, 2007)"
Q132636551,"All Night Gaming (Michael Cusack, 2016)"
Q4749060,"Amy (Nadia Tass, 1997)"
Q4762078,"Angel Baby (Michael Rymer, 1995)"
Q65032687,"Angel of Mine (Kim Farrant, 2019)"
Q4763958,"Angst (Daniel Nettheim, 2000)"
Q1144983,"Animal Kingdom (David Michôd, 2010)"
Q60738656,"Animals (Sophie Hyde, 2019)"
Q4778174,"Any Questions for Ben? (Rob Sitch, 2012)"
Q4795619,"Around the Block (Sarah Spillane, 2013)"
Q126077206,Ascendant
Q275180,"Australia (Baz Luhrmann, 2008)"
Q48672667,"Australia Day (Kriv Stenders, 2017)"
Q4824629,"Australian Rules (Paul Goldman, 2002)"
Q4830757,"Aya (Solrun Hoaas, 1990)"
Q16011764,"The Babadook (Jennifer Kent, 2014)"
Q720724,"Babe (Chris Noonan, 1995)"
Q690892,"Babe: Pig in the City (George Miller, 1998)"
Q66712802,"Babyteeth (Shannon Murphy, 2019)"
Q132640010,Back from the Dead (1997)
Q4839322,"Back of Beyond (Michael Robertson, 1995)"
Q127600429,The Backpacker (2009)
Q4839735,"Backsliding (Simon Target, 1992)"
Q20001169,"Backtrack (Michael Petroni, 2015)"
Q20814449,"Backyard Ashes (Mark Grentell, 2014)"
Q39073553,Bad Blood (2017)
Q798641,"Bad Boy Bubby (Rolf de Heer, 1993)"
Q4840227,"Bad Bush (Samuel Genocchio, 2009)"
Q1939403,"Bad Eggs (Tony Martin, 2003)"
Q111493759,"Bad Girl (Fin Edquist, 2016)"
Q970746,"Bait 3D (Kimble Rendall, 2012)"
Q2597292,"Balibo (Robert Connolly, 2009)"
Q2409617,"The Bank (Robert Connolly, 2001)"
Q15039628,"Bathing Franky (Owen Elliott, 2012)"
Q127600153,Beast (2016)
Q2893302,"Beautiful (Dean O'Flaherty, 2009)"
Q4877736,"Beautiful Kate (Rachel Ward, 2009)"
Q4879081,"Bedevil (Tracey Moffatt, 1993)"
Q127600385,Belladonna (2008)
Q127600297,Below (2019)
Q4887177,"Beneath Clouds (Ivan Sen, 2002)"
Q2986009,"Beneath Hill 60 (Jeremy Sims, 2010)"
Q25212771,"Berlin Syndrome (Cate Shortland, 2017)"
Q7717381,"The Bet (Mark Lee, 2006)"
Q4898542,"Better Than Sex (Jonathan Teplitzky, 2000)"
Q28768860,"Better Watch Out (Chris Peckover, 2016)"
Q5476352,"Fovou tous Ellines (John Tatoulis, 2000)"
Q4900000,"Beyond My Reach (Dan Burstall, 1990)"
Q127543656,Big Mamma's Boy (2011)
Q7717807,"The Big Steal (Nadia Tass, 1990)"
Q4906898,"Bigger Than Tina (Neil Foley, 1999)"
Q127600891,"Bilched (Jeremy Cumpston, 2019)"
Q4912057,"Billy's Holiday (Richard Wherrett, 1995)"
Q110982391,"Birthday (James Harkness, 2009)"
Q12102493,"Bitter & Twisted (Christopher Weekes, 2008)"
Q127600273,Bitter Art (2010)
Q3414343,"Black and White (Craig Lahiff, 2002)"
Q4920204,"Black & White & Sex (John Winter, 2011)"
Q1755928,"The Black Balloon (Elissa Down, 2008)"
Q880515,"Black Robe (Bruce Beresford, 1991)"
Q880636,"Black Water (Andrew Traucki/David Nerlich, 2007)"
Q97486327,"Black Water: Abyss (Andrew Traucki, 2020)"
Q4922836,"Blackfellas (James Ricketson, 1993)"
Q2905586,"Blackrock (Steven Vidler, 1997)"
Q15039394,"Blackwater Trail (Ian Barry, 1995)"
Q4924690,"Blame (Michael Henry, 2011)"
Q4926230,"Blessed (Ana Kokkinos, 2009)"
Q4926523,"Blind Company (Alkinos Tsilimidos, 2009)"
Q4926690,"Blinder (Richard Gray, 2013)"
Q804498,"Blinky Bill (Yoram Gross, 1992)"
Q3416461,"Blood Oath (Stephen Wallace, 1990)"
Q48672582,Bloodlands (2017)
Q4927978,"Bloodlust (Jon Hewitt, 1992)"
Q127600809,Bloodshot Heart (2020)
Q98126098,"Bloody Hell (Alister Grierson, 2020)"
Q127599798,Blue Lies (2008)
Q4930799,"Blurred (Evan Clarry, 2002)"
Q1278728,"Body Melt (Philip Brophy, 1993)"
Q4941409,"Bondi Tsunami (Rachael Lucas, 2004)"
Q4224682,"The Book of Revelation (Ana Kokkinos, 2006)"
Q127600674,Book Week (2018)
Q2634003,"Bootmen (Dein Perry, 2000)"
Q132636553,The Bouncer (2006)
Q4951724,"Boxing Day (Kriv Stenders, 2007)"
Q132636554,The Boy Castaways (2013)
Q39659543,"Boy Erased (Joel Edgerton, 2018)"
Q7719728,"The Boys (Rowan Woods, 1998)"
Q1680405,"The Boys Are Back (Scott Hicks, 2009)"
Q27959327,"Boys in the Trees (Nicholas Verso, 2016)"
Q4952040,"BoyTown (Kevin Carlin, 2006)"
Q4956299,"Bran Nue Dae (Rachel Perkins, 2009)"
Q15039809,"Breakaway (Don McLennan, 1990)"
Q47244559,"Breath (Simon Baker, 2017)"
Q4959906,"Breathing Under Water (Susan Murphy Dermody, 1991)"
Q1190988,"Bright Star (Jane Campion, 2009)"
Q4968055,"Brilliant Lies (Richard Franklin, 1996)"
Q27959330,"Broke (Heath Davis, 2016)"
Q4973402,"Broken Highway (Laurie McInnes, 1993)"
Q4973484,"Broken Sun (Brad Haynes, 2008)"
Q54020539,"Brothers' Nest (Clayton Jacobson, 2018)"
Q132636556,Bunny (2014)
Q85749544,"Buoyancy (Rodd Rathjen, 2019)"
Q127600794,Burke & Wills (2007)
Q110504804,Burning Kiss
Q4999868,"Burning Man (Jonathan Teplitzky, 2011)"
Q38463307,The Butterfly Tree (2017)
Q5016137,"Cactus (Jasmine Yuen Carrucan, 2008)"
Q280928,"Candy (Neil Armfield, 2006)"
Q16972185,"Canopy (Aaron Wilson, 2013)"
Q5038998,"Careless Love (John Duigan, 2012)"
Q39074257,"Cargo (Ben Howling/Yolanda Ramke, 2017)"
Q2471493,"The Castle (Rob Sitch, 1997)"
Q7721707,"The Caterpillar Wish (Sandra Sciberras, 2006)"
Q5054430,"Caught Inside (Adam Blaiklock, 2010)"
Q5056580,"Cedar Boys (Serhat Caradee, 2009)"
Q65051759,"Celeste (Ben Hackworth, 2018)"
Q127543868,Cerulean Blue (2018)
Q1648869,"Charlie & Boots (Dean Murphy, 2009)"
Q16736456,"Charlie's Country (Rolf de Heer, 2013)"
Q106390587,Chasing Wonders
Q1977021,"Children of the Revolution (Peter Duncan, 1996)"
Q164663,"The Children of Huang Shi (Roger Spottiswoode, 2008)"
Q127600806,Chocolate Oyster (2019)
Q128855,"Chopper (Andrew Dominik, 2000)"
Q5123285,"City Loop (Belinda Chayko, 2000)"
Q3283639,"Closed for Winter (James Bogle, 2009)"
Q1745723,"Clubland (Cherie Nowlan, 2007)"
Q5141012,"Coffin Rock (Rupert Glasson, 2009)"
Q4655994,"A Cold Summer (Paul Middleditch, 2003)"
Q7726899,"The Combination (David Field, 2009)"
Q127600808,The Combination: Redemption (2019)
Q132636557,The Competition (2014)
Q115676246,"Convict (George Basha, 2014)"
Q132636559,Cooped Up (2016)
Q127543514,Corroboree (2007)
Q5173917,"Cosi (Mark Joffe, 1996)"
Q4158757,"Country Life (film) (Michael Blakemore, 1994)"
Q12110058,"Crackerjack (Paul Moloney, 2002)"
Q5180379,"Crackers (David Swann, 1998)"
Q7727942,"The Craic (Ted Emery, 1999)"
Q5187786,"Crooked Business (Chris Nyst, 2008)"
Q7728163,"The Crop (Scott Patterson, 2004)"
Q7728178,"The Crossing (George Ogilvie, 1990)"
Q5190184,"Crush (John V. Soto, 2009)"
Q127600752,Crushed (2015)
Q5192195,"Cubbyhouse (Murray Fahey, 2001)"
Q922054,"The Cup (Dzongsar Jamyang Khyentse Rinpoche, 1999)"
Q7728406,"The Cup (Simon Wincer, 2011)"
Q7728500,"The Custodian (John Dingwall, 1993)"
Q978522,"Cut (Kimble Rendall, 2000)"
Q18164602,"Cut Snake (Tony Ayres, 2014)"
Q5207857,"Dad and Dave: On Our Selection (George Whaley, 1995)"
Q5208656,"Dags (Murray Fahey, 1998)"
Q5211065,"Dalkeith (Leigh Sheehan, 2001)"
Q5211325,"Dallas Doll (Ann Turner, 1994)"
Q41783910,"Dance Academy: The Movie (Jeffrey Walker, 2017)"
Q5215162,"Dance Me to My Song (Rolf de Heer, 1998)"
Q60590159,"Danger Close: The Battle of Long Tan (Kriv Stenders, 2019)"
Q3430722,"Danny Deckchair (Jeff Balsmeyer, 2003)"
Q1127281,"Dark City (Alex Proyas, 1998)"
Q122912809,The Darkside
Q3429332,"Dating the Enemy (Megan Simpson Huberman, 1996)"
Q20745693,"The Daughter (Simon Stone, 2015)"
Q127600422,The Day Neil Armstrong Walked On The Moon (2002)
Q1128499,"Daybreakers (Michael Spierig/Peter Spierig, 2009)"
Q7736524,"The Girl Who Came Late (Kathy Mueller, 1991)"
Q5245178,"Dead Europe (Tony Krawitz, 2012)"
Q5245210,"Dead Heart (Nick Parsons, 1996)"
Q5245250,"Dead Letter Office (John Ruane, 1997)"
Q5245405,"Dead Sleep (Alec Mills, 1991)"
Q5245524,"Dead to the World (Ross Gibson, 1991)"
Q5245604,"Deadly (Esben Storm, 1991)"
Q5246824,"Dear Claudia (Chris Cudlipp, 1999)"
Q24905864,The Death and Life of Otto Bloom (2016)
Q666422,"Death Defying Acts (Gillian Armstrong, 2007)"
Q4424397,"Death in Brunswick (John Ruane, 1990)"
Q132636561,Deceit (2013)
Q83730,"December Boys (Rod Hardy, 2007)"
Q5249264,"Deck Dogz (Steve Pasvolsky, 2005)"
Q127600651,Max's Dreaming (2002)
Q132636562,"Desire (Bill Mousoulis, 1999)"
Q5271064,"Diana & Me (David Parker, 1997)"
Q3028325,"Dingo (Rolf de Heer, 1991)"
Q127600386,The Dinner Party (2008)
Q60737528,"Dirt Music (Gregor Jordan, 2019)"
Q4151182,"Dirty Deeds (David Caesar, 2002)"
Q108030463,Disclosure
Q281830,"Disgrace (Steve Jacobs, 2008)"
Q1410845,"The Dish (Rob Sitch, 2000)"
Q3714858,"Dr. Plonk (Rolf de Heer, 2007)"
Q123288117,"Dogwatch (Laurie McInnes, 1999)"
Q5288674,"Doing Time for Patsy Cline (Chris Kennedy, 1997)"
Q42048160,Don't Tell (2017)
Q27959595,"Down Under (Abe Forsythe, 2016)"
Q20814503,"Downriver (Grant Scicluna, 2015)"
Q119819355,Dreamland
Q124311957,Dreams for Life
Q18389586,"The Dressmaker (Jocelyn Moorhouse, 2015)"
Q3415674,"Drift (Morgan O'Neill, 2013)"
Q15039740,"Drive Hard (Brian Trenchard-Smith, 2014)"
Q106093003,"The Drover’s Wife (Leah Purcell, 2021)"
Q21186168,"Drown (Dean Francis, 2015)"
Q104374134,"The Dry (Robert Connolly, 2020)"
Q5316988,"Dust Off the Wings (Lee Rogers, 1997)"
Q110518235,"The Dustwalker (Sandra Sciberras, 2019)"
Q115394,"Dying Breed (Jody Dwyer, 2008)"
Q23929932,"Early Winter (Michael Rowe, 2015)"
Q5348951,"Eight Ball (Ray Argall, 1992)"
Q107105075,"Ellie and Abbie (and Ellie's Dead Aunt) (Monica Zanetti, 2020)"
Q127543876,Ellipsis (2018)
Q5367072,Eloise (2002)
Q5368741,"Em4Jay (Alkinos Tsilimidos, 2008)"
Q104177851,Emu Runner (2018)
Q127600266,Emulsion (2006)
Q5375590,"Encounters (Murray Fahey, 1993)"
Q118946028,Envy
Q3415982,"Epsilon (Rolf de Heer, 1997)"
Q4532625,"Erskineville Kings (Alan White, 1999)"
Q120169016,Q120169016
Q62075994,"Escape from Pretoria (Francis Annan, 2020)"
Q59453151,"Event Zero (Enzo Tedeschi, 2017)"
Q5417859,"Everynight ... Everynight (Alkinos Tsilimidos, 1994)"
Q4081065,"Exchange Lifeguards (Maurice Murphy, 1992)"
Q5420265,"Exile (Paul Cox, 1994)"
Q7732882,"The Extra (Kevin Carlin, 2005)"
Q3520813,"The Eye of the Storm (Fred Schepisi, 2011)"
Q5428410,"Face to Face (Michael Rymer, 2011)"
Q5437219,"Fat Pizza (Paul Fenech, 2003)"
Q5437280,"Fatal Bond (Vince Monton, 1992)"
Q4380063,"Fatal Sky (Frank Shields, 1990)"
Q5437557,"Father (John Power, 1990)"
Q127600946,The Fear Of Darkness (2014)
Q1400892,"Feed (Brett Leonard, 2005)"
Q122912812,Fell
Q3068196,"Felony (Matthew Saville, 2013)"
Q198560,"A Few Best Men (Stephan Elliott, 2011)"
Q29907988,"A Few Less Men (Mark Lamprell, 2017)"
Q4550854,"15 Amore (Maurice Murphy, 1999)"
Q127600283,Fat Legs (2016)
Q7733953,"The Final Winter (Brian Andrews/Jane Forrest, 2007)"
Q127600701,Finding Joy (2003)
Q7733988,"The Finished People (Khoa Do, 2003)"
Q5455347,"Fistful of Flies (Monica Pellizzari, 1996)"
Q127599958,The Five Provocations (2018)
Q127665,"Flirting (John Duigan, 1991)"
Q5459878,"Floating Life (Clara Law, 1996)"
Q122925839,The Flood
Q5463640,"Flynn (Frank Howson, 1993)"
Q5466613,"Footy Legends (Khoa Do, 2006)"
Q130465585,For Now
Q127600392,"Force Of Destiny (Paul Cox, 2015)"
Q612373,"Fortress (Stuart Gordon, 1992)"
Q132636563,"Fortune (Peter Scarf, 2009)"
Q4638652,"48 Shades (Daniel Lapaine, 2006)"
Q5475706,"Four of a Kind (Fiona Cochrane, 2008)"
Q594030,"Frauds (Stephan Elliott, 1993)"
Q127600104,Freedom Deep (1997)
Q5502935,"Fresh Air (Murray Fahey, 1999)"
Q109442804,The Furnace (2020)
Q2638438,"Gabriel (Rita Lengyel/Shane Abbess, 2007)"
Q67098007,"Galore (Rhys Graham, 2013)"
Q3007933,"Garage Days (Alex Proyas, 2002)"
Q5522034,"Garbo (Ron Cobb, 1992)"
Q127600199,The Gates Of Hell (2008)
Q107570772,The Gateway (John V. Soto)
Q5553798,"Get Away, Get Away (Murray Fahey, 1992)"
Q5554560,"Gettin' Square (Jonathan Teplitzky, 2003)"
Q5563206,"Gino (Jackie McKimmie, 1993)"
Q21010855,"Girl Asleep (Rosemary Myers, 2015)"
Q90297034,"Go Karts (Owen Trevor, 2020)"
Q5576273,"Goddess (Mark Lamprell, 2013)"
Q1138902,"The Goddess of 1967 (Clara Law, 2000)"
Q17005455,"Golden Braid (Paul Cox, 1990)"
Q25136735,"Goldstone (Ivan Sen, 2016)"
Q1537088,"Gone (Ringan Ledwidge, 2007)"
Q892735,"The Great Gatsby (Baz Luhrmann, 2013)"
Q105102351,Great White (2021)
Q505135,"Green Card (Peter Weir, 1990)"
Q5604194,"Greenkeeping (David Caesar, 1992)"
Q5608758,"Griff the Invisible (Leon Ford, 2010)"
Q28369717,"Gringo (Nash Edgerton, 2018)"
Q2515683,"Gross Misconduct (George T. Miller, 1993)"
Q86501880,"H Is for Happiness (John Sheedy, 2019)"
Q21010856,"Hacksaw Ridge (Mel Gibson, 2016)"
Q16641112,"Hail (Amiel Courtin-Wilson, 2011)"
Q3545539,"Hammers Over the Anvil (Ann Turner, 1993)"
Q126800,"Happy Feet (George Miller, 2006)"
Q816857,"Happy Feet Two (George Miller, 2011)"
Q5654787,"Harbour Beat (David Elfick, 1990)"
Q600253,"The Hard Word (Scott Roberts, 2002)"
Q56596889,Harmony (2018)
Q3285042,"Hating Alison Ashley (Geoff Bennett, 2005)"
Q3415693,"He Died with a Felafel in His Hand (Richard Lowenstein, 2001)"
Q2700562,"Head On (Ana Kokkinos, 1998)"
Q15039629,"Healing (Craig Monahan, 2014)"
Q15039741,"A Heartbeat Away (Gale Edwards, 2011)"
Q7739216,"The Heartbreak Kid (Michael Jenkins, 1993)"
Q73543245,"Hearts and Bones (Ben Lawrence, 2019)"
Q1516308,"Heaven's Burning (Craig Lahiff, 1997)"
Q127543723,The Heckler (2014)
Q4114646,"Hercules Returns (David Parker, 1993)"
Q5737257,"Here I Am (Beck Cole, 2011)"
Q5749159,"Hey, Hey, It's Esther Blueburger (Cathy Randall, 2008)"
Q87654420,"High Ground (Stephen Johnson, 2020)"
Q127600649,Hildegarde (2002)
Q20647417,"Holding the Man (Neil Armfield, 2015)"
Q5880596,"Holidays on the River Yarra (Leo Berkeley, 1991)"
Q143835,"Holy Smoke! (Jane Campion, 1999)"
Q5368751,"The Home Song Stories (Tony Ayres, 2007)"
Q7740191,"The Honourable Wally Norman (Ted Emery, 2003)"
Q5236629,The Horseman (2008)
Q5905890,"Horseplay (Stavros Kazantzidis, 2003)"
Q127600742,Hostage To Fate (2004)
Q130582188,Hot Mess
Q5912157,"Hotel de Love (Craig Rosenberg, 1996)"
Q27703167,"Hotel Mumbai (Anthony Maras, 2018)"
Q12124874,"Hotel Sorrento (Richard Franklin, 1995)"
Q27962542,"Hounds of Love (Ben Young, 2016)"
Q5916271,"Housos vs. Authority (Paul Fenech, 2012)"
Q127600243,How Do You Know Chris? (2020)
Q5937650,"Human Touch (Paul Cox, 2004)"
Q12124935,"Hunt Angels (Alec Morgan, 2006)"
Q2118926,"The Hunter (Daniel Nettheim, 2011)"
Q4085738,"Hunting (Frank Howson, 1991)"
Q5947021,"Hurrah (Frank Shields, 1998)"
Q12124942,"Hurricane Smith (Colin Budds, 1992)"
Q55762009,"I Am Mother (Grant Sputore, 2019)"
Q67171163,"I Am Woman (Unjoo Moon, 2019)"
Q2708907,"I, Frankenstein (Stuart Beattie, 2014)"
Q4535752,"I Love You Too (Daina Reid, 2010)"
Q5988951,"Idiot Box (David Caesar, 1996)"
Q12125013,"The Illustrated Family Doctor (Kriv Stenders, 2005)"
Q12125031,"In a Savage Land (Bill Bennett, 1999)"
Q19874556,"In the Winter Dark (James Bogle, 1998)"
Q7741792,"The Independent (Andrew O'Keefe/John Studley, 2007)"
Q19874606,"Infini (Shane Abbess, 2015)"
Q19874608,"The Infinite Man (Hugh Sullivan, 2014)"
Q127599899,The Inner Sanctuary (1996)
Q6035913,"Innocence (Paul Cox, 2000)"
Q127600415,The Inside Story (2001)
Q7742367,"The Interview (Craig Monahan, 1998)"
Q64004122,"The Invisible Man (Leigh Whannell, 2020)"
Q1778814,"Irresistible (Ann Turner, 2006)"
Q127600287,Is This The Real World (2015)
Q2339315,"The Jammed (Dee McLachlan, 2007)"
Q4303595,"Japanese Story (Sue Brooks, 2003)"
Q27959325,"Jasper Jones (Rachel Perkins, 2017)"
Q1790524,"Jindabyne (Ray Lawrence, 2006)"
Q58814991,"Jirga (Benjamin Gilmour, 2018)"
Q27959460,"Joe Cinque's Consolation (Sotiris Dounoukos, 2016)"
Q11310825,"Joey (Ian Barry, 1997)"
Q19961325,"John Doe: Vigilante (Kelly Dolen, 2014)"
Q6289021,"Josh Jarman (Pip Mushin, 2004)"
Q6302017,"Jucy (Louise Alston, 2010)"
Q61450786,"Judy and Punch (Mirrah Foulkes, 2019)"
Q110983659,"June Again (JJ Winlove, 2020)"
Q28173325,"Jungle (Greg McLean, 2017)"
Q127600106,Justice (1997)
Q127543930,Kairos (2019)
Q6376051,"Kath & Kimderella (Ted Emery, 2012)"
Q127600863,Katusha (2008)
Q6390950,"Kenny (Clayton Jacobson, 2006)"
Q6404196,"Kick (Lynda Heys, 1999)"
Q18165705,"Kill Me Three Times (Kriv Stenders, 2014)"
Q39075595,"The Killing Ground (Damien Power, 2016)"
Q54801155,"The King (David Michôd, 2019)"
Q7744536,"The King is Dead (Rolf de Heer, 2012)"
Q8029053,"Wog Boy 2: Kings of Mykonos (Peter Andrikidis, 2010)"
Q4657584,"A Kink in the Picasso (Marc Gracie, 1990)"
Q1743756,"Kiss or Kill (Bill Bennett, 1997)"
Q127600855,Kissing Paris (2008)
Q10968934,"Kokoda (Alister Grierson, 2006)"
Q781604,"Komodo (Michael Lantieri, 1999)"
Q6465315,"La Spagnola (Steve Jacobs, 2001)"
Q58814676,"Ladies in Black (Bruce Beresford, 2018)"
Q6477009,Lake Mungo (2008)
Q690463,"Lantana (Ray Lawrence, 2001)"
Q20751330,"Last Cab To Darwin (Jeremy Sims, 2015)"
Q6494265,"Last Dance (David Pulbrook, 2012)"
Q4315248,"The Last Days of Chez Nous (Gillian Armstrong, 1992)"
Q1660083,"Last Ride (Glendyn Ivin, 2009)"
Q6494727,"Last Train to Freo (Jeremy Sims, 2006)"
Q21095441,"The Legend of Ben Hall (Matthew Holmes, 2016)"
Q622763,"Legend of the Guardians: The Owls of Ga'Hoole (Zack Snyder, 2010)"
Q127543437,Let Me Not (2004)
Q6532367,"Let's Get Skase (Matthew George, 2001)"
Q6537610,"Lex and Rory (Dean Murphy, 1994)"
Q6544652,"Life (Lawrence Johnston, 1996)"
Q15039826,"The Life of Harry Dare (Aleksi Vellis, 1995)"
Q1511623,"Lightning Jack (Simon Wincer, 1994)"
Q1984949,"Like Minds (Gregory J. Read, 2006)"
Q6547664,"Lilian's Story (Jerzy Domaradzki, 1996)"
Q23013699,"Lion (Garth Davis, 2015)"
Q115627291,A Lion Returns (Serhat Caradee)
Q987973,"A Little Bit of Soul (Peter Duncan, 1998)"
Q19875286,"The Little Death (Josh Lawson, 2014)"
Q1865670,"Little Fish (Rowan Woods, 2005)"
Q64174928,"Little Monsters (Abe Forsythe, 2019)"
Q56604946,Locusts (2019)
Q109352492,"Lone Wolf (Jonathan Ogilvie, 2021)"
Q127599762,The Long Line (1993)
Q104786128,"Long Story Short (Josh Lawson, 2021)"
Q12125818,"Look Both Ways (Sarah Watt, 2005)"
Q834367,"Looking for Alibrandi (Kate Woods, 2000)"
Q20751332,"Looking for Grace (Sue Brooks, 2015)"
Q421583,"Lore (Cate Shortland, 2012)"
Q127600813,Lost And Found (2006)
Q11786367,"Lost Things (Martin Murphy, 2003)"
Q3260102,"Lou (Belinda Chayko, 2010)"
Q6691661,"Love and Other Catastrophes (Emma-Kate Croghan, 1996)"
Q127599544,Love in Ambush (1997)
Q6691803,"Love in Limbo (David Elfick, 1993)"
Q127599917,Love In The First Degree (2006)
Q127543726,Love Is Now (2014)
Q3491414,"Love Serenade (Shirley Barrett, 1996)"
Q127600175,Love You Like That (2021)
Q2296492,"The Loved Ones (Sean Byrne, 2009)"
Q1306776,"Love's Brother (Jan Sardi, 2004)"
Q132636565,"Lovesick (Bill Mousoulis, 2003)"
Q56277621,"LoveStuck (Murray Fahey, 2017)"
Q127600370,Low-Fat Elephants (2000)
Q6697866,"Lucky Break (Ben Lewin, 1994)"
Q6697875,"Lucky Country (Kriv Stenders, 2009)"
Q6697962,"Lucky Miles (Michael James Rowland, 2007)"
Q6705261,"Lust and Revenge (Paul Cox, 1986)"
Q6721611,"Mabo (Rachel Perkins, 2012)"
Q3841961,"Macbeth (Geoffrey Wright, 2006)"
Q6725911,"Mad Bastards (Brendan Fletcher, 2011)"
Q6725917,"Mad Bomber in Love (James Bogle, 1992)"
Q1757288,"Mad Max: Fury Road (George Miller, 2015)"
Q15650834,"The Magic Pudding (Karl Zwicky, 2000)"
Q7749533,"The Magician (Scott Ryan, 2005)"
Q6744098,"Mallboy (Vincent Giarrusso, 2001)"
Q839908,"The Man Who Sued God (Mark Joffe, 2001)"
Q19875370,"Manny Lewis (Anthony Mir, 2015)"
Q4658033,"A Man's Gotta Do (Chris Kennedy, 2004)"
Q622877,"Mao's Last Dancer (Bruce Beresford, 2009)"
Q32424,"Map of the Human Heart (Vincent Ward, 1992)"
Q127543586,The Marriage Of Figaro (2009)
Q6778749,"Mary (Kay Pavlou, 1994)"
Q1128756,"Mary and Max (Adam Elliot, 2009)"
Q3428577,"Matching Jack (Nadia Tass, 2010)"
Q18654947,"Maya the Bee Movie (Alexs Stadermann, 2014)"
Q127600408,Me & My Left Brain (2019)
Q3429348,"Me Myself I (Pip Karmel, 2000)"
Q116055825,Measure for Measure (Paul Ireland)
Q6815990,"Men's Group (Michael Joy, 2008)"
Q12126147,"Mental (P. J. Hogan, 2012)"
Q6822696,"Metal Skin (Geoffrey Wright, 1994)"
Q132636566,Mirror (2015)
Q60737579,"Miss Fisher and the Crypt of Tears (Tony Tilse, 2020)"
Q7751722,The Missing (1999)
Q12126301,"Mr. Accident (Yahoo Serious, 2000)"
Q6929129,"Mr. Reliable (Nadia Tass, 1996)"
Q12126226,"Modern Love (Alex Frayne, 2006)"
Q127600183,The Venus Factory (1998)
Q6900802,"Monkey Puzzle (Mark Forstmann, 2008)"
Q1712162,"The Monkey's Mask (Samantha Lang, 2000)"
Q21869637,"A Month of Sundays (Matthew Saville, 2015)"
Q115516441,Moon Rock For Monday (2021)
Q6917340,"Mother Fish (Khoa Do, 2009)"
Q193573,"Moulin Rouge! (Baz Luhrmann, 2001)"
Q6932119,"Muggers (Dean Murphy, 2000)"
Q127600721,Muirhouse (2012)
Q18611453,"The Mule (Angus Sampson/Tony Mahony, 2014)"
Q6934200,"Mullet (David Caesar, 2001)"
Q1348275,"Muriel's Wedding (P. J. Hogan, 1994)"
Q121788928,Mushrooms
Q127600107,My Blessings (1997)
Q111988443,"My First Summer (Katie Found, 2020)"
Q17558064,"My Mistress (Stephen Lance, 2014)"
Q6946075,"My Mother Frank (Mark Lamprell, 2000)"
Q6946494,"My Tehran for Sale (Granaz Moussavi, 2009)"
Q6946660,"My Year Without Sex (Sarah Watt, 2009)"
Q15039743,"Mystery Road (Ivan Sen, 2013)"
Q3018979,"Napoleon (Mario Andreacchio, 1994)"
Q6985914,"Ned (Abe Forsythe, 2003)"
Q391542,"Ned Kelly (Gregor Jordan, 2003)"
Q6986572,"Needle (John V. Soto, 2010)"
Q85788377,Never Too Late (2020)
Q2565495,"Newcastle (Dan Castle, 2008)"
Q4327809,"The Night We Called It a Day (Paul Goldman, 2003)"
Q29262902,"The Nightingale (Jennifer Kent, 2018)"
Q521188,"$9.99 (Tatia Rosenthal, 2008)"
Q7040133,"Nirvana Street Murder (Aleksi Vellis, 1990)"
Q7045189,"No Worries (David Elfick, 1994)"
Q132636568,Nocturnal (1994)
Q12126635,"Noise (Matthew Saville, 2007)"
Q7754411,"The Nostradamus Kid (Bob Ellis, 1992)"
Q12126653,"Not Suitable for Children (Peter Templeman, 2012)"
Q132636570,The Nothing Men (2010)
Q30321633,"Now Add Honey (Wayne Hope, 2015)"
Q3489980,"The Nugget (Bill Bennett, 2002)"
Q7754500,"The Nun and the Bandit (Paul Cox, 1992)"
Q127600836,Observance (2016)
Q12126682,Occasional Coarse Language (1998)
Q104879905,"Occupation: Rainfall (Luke Sparke, 2020)"
Q21095400,"Oddball (Stuart McDonald, 2015)"
Q7754873,"The Old Man Who Read Love Stories (Rolf de Heer, 2001)"
Q7091069,"On My Own (Antonio Tibaldi, 1991)"
Q24807149,"One Eyed Girl (Nick Remy Matthews, 2013)"
Q15040679,"100 Bloody Acres (Cameron Cairnes/Colin Cairnes, 2012)"
Q127599844,Q127599844
Q7093078,"One Night the Moon (Rachel Perkins, 2001)"
Q39074570,"1% (Stephen McCallum, 2017)"
Q7093117,"One Perfect Day (Paul Currie, 2004)"
Q7094331,"Only the Brave (Ana Kokkinos, 1994)"
Q3227001,"Opal Dream (Peter Cattaneo, 2006)"
Q127600771,Orange Love Story (2005)
Q5230733,"Oranges and Sunshine (Jim Loach, 2010)"
Q2033052,"Oscar and Lucinda (Gillian Armstrong, 1997)"
Q127543937,Outback (2019)
Q3358884,"Over the Hill (George T. Miller, 1992)"
Q3359190,"Oyster Farmer (Anna Reeves, 2004)"
Q27958101,"The Pack (Nick Robertson, 2015)"
Q7755872,"The Pact (Strathford Hamilton, 2003)"
Q66305462,"Palm Beach (Rachel Ward, 2019)"
Q17020430,"Paper Planes (Robert Connolly, 2015)"
Q2456097,"Paperback Hero (Antony J. Bowman, 1999)"
Q1970669,"Paradise Road (Bruce Beresford, 1997)"
Q19263883,"Partisan (Ariel Kleiman, 2015)"
Q7142697,"Passion (Peter Duncan, 1999)"
Q25136492,"Pawno (Paul Ireland, 2016)"
Q3050175,"Paws (Karl Zwicky, 1997)"
Q12126894,"Peaches (Craig Monahan, 2004)"
Q38686109,"Penguin Bloom (Glendyn Ivin, 2020)"
Q27964337,"Peter Rabbit (Will Gluck, 2018)"
Q117315,"The Piano (Jane Campion, 1993)"
Q127600410,Pimped (2019)
Q127599808,Playing For Charlie (2010)
Q4418080,"The Plex (Timothy Boyle, 2008)"
Q49907029,"Police Rescue (Michael Carson, 1994)"
Q127600301,Powder Burn (1999)
Q12126942,"Praise (John Curran, 1998)"
Q17014394,"Predestination (Michael Spierig/Peter Spierig, 2014)"
Q7243324,"Prime Mover (David Caesar, 2009)"
Q127600241,Promised (2019)
Q3407500,"Proof (Jocelyn Moorhouse, 1991)"
Q180337,"The Proposition (John Hillcoat, 2005)"
Q3425650,"The Quiet Room (Rolf de Heer, 1996)"
Q1544448,"Quigley Down Under (Simon Wincer, 1990)"
Q1142799,"Rabbit-Proof Fence (Phillip Noyce, 2002)"
Q7280293,"Radiance (Rachel Perkins, 1998)"
Q4316368,"The Rage in Placid Lake (Tony McNamara, 2003)"
Q4178880,"The Railway Man (Jonathan Teplitzky, 2013)"
Q97355155,"Rams (Jeremy Sims, 2020)"
Q18166399,"Rats and Cats (Tony Rogers, 2007)"
Q7299693,"Razzle Dazzle: A Journey into Dance (Darren Ashton, 2007)"
Q7759609,"The Real Macaw (Mario Andreacchio, 1998)"
Q3421998,"Reckless Kelly (Yahoo Serious, 1993)"
Q14921984,"The Reckoning (John V. Soto, 2014)"
Q2135949,"Red Dog (Kriv Stenders, 2011)"
Q25437113,"Red Dog: True Blue (Kriv Stenders, 2016)"
Q3422730,"Red Hill (Patrick Hughes, 2010)"
Q7305447,"Redball (Jon Hewitt, 1994)"
Q18340945,"Redd Inc. (Daniel Krige, 2012)"
Q7305893,"Redheads (Danny Vendramini, 1992)"
Q1632707,"The Reef (Andrew Traucki, 2010)"
Q127600182,Reflections (1998)
Q127600242,Reflections In The Dust (2019)
Q87519760,"Relic (Natalie Erika James, 2020)"
Q10359846,"Resistance (Hugh Keays-Byrne, 1992)"
Q2386658,"Restraint (David Denneen, 2008)"
Q7317315,"Return to Nim's Island (Brendan Maher, 2013)"
Q70842752,"Ride Like a Girl (Rachel Griffiths, 2019)"
Q20649639,"Rise (Mack Lindon, 2014)"
Q7336223,"Risk (Alan White, 2001)"
Q7337831,"River Street (Tony Mahood, 1996)"
Q7339544,"Road to Nhill (Sue Brooks, 1997)"
Q2710763,"Road Kill (Dean Francis, 2010)"
Q127600877,Roadman (2009)
Q13016302,"The Rocket (Kim Mordaunt, 2013)"
Q1515931,"Rogue (Greg McLean, 2007)"
Q7761389,"The Roly Poly Man (Bill Young, 1994)"
Q909098,"Romper Stomper (Geoffrey Wright, 1992)"
Q2548513,"Romulus, My Father (Richard Roxburgh, 2007)"
Q7370819,"Rough Diamonds (Donald Crombie, 1994)"
Q5042347,"The Rover (David Michôd, 2014)"
Q21646947,"Ruben Guthrie (Brendan Cowell, 2015)"
Q7382032,"Russian Doll (Stavros Kazantzidis, 2001)"
Q4409438,"Sahara (Brian Trenchard-Smith, 1995)"
Q7405219,"Sally Marshall Is Not an Alien (Mario Andreacchio, 1999)"
Q7406587,"Salvation (Paul Cox, 2008)"
Q2586958,"Sample People (Clinton Smith, 2000)"
Q1568425,"Samson and Delilah (Warwick Thornton, 2009)"
Q121788941,"Sanctuary (Robin de Crespigny, 1995)"
Q580351,"Sanctum (Alister Grierson, 2011)"
Q2715076,"The Sapphires (Wayne Blair, 2012)"
Q16219215,"Satellite Boy (Catriona McKenzie, 2012)"
Q7428070,"Save Your Legs! (Boyd Hicklin, 2012)"
Q7429060,"Say a Little Prayer (Richard Lowenstein, 1993)"
Q27703158,"Scare Campaign (Cameron Cairnes/Colin Cairnes, 2016)"
Q115516611,The School
Q28768886,"Science Fiction Volume One: The Osiris Child (Shane Abbess, 2016)"
Q127600847,The Second (2018)
Q7444459,"Secrets (Michael Pattinson, 1992)"
Q15039523,"Seeing Red (Virginia Rouse, 1992)"
Q7448534,"Selkie (Donald Crombie, 2000)"
Q7451053,"Sensitive New-Age Killer (Mark Savage, 2001)"
Q3478948,"September (Peter Carstairs, 2007)"
Q107068760,"Sequin in a Blue Room (Samuel Van Grinsven, 2019)"
Q127599775,Serenades (2001)
Q7458395,"Sex Is a Four Letter Word (Murray Fahey, 1995)"
Q127599930,Shadows Of The Past (2009)
Q7494630,"Sher Mountain Killings Mystery (Vince Martin, 1990)"
Q826494,"Shine (Scott Hicks, 1996)"
Q127543379,Dope (2001)
Q7502504,"Shotgun Wedding (Paul Harmon, 1993)"
Q2943754,"Siam Sunset (John Polson, 1999)"
Q7512687,"Signal One (Rob Stewart, 1994)"
Q7514631,"Silent Partner (Alkinos Tsilimidos, 2001)"
Q7764269,"The Silver Brumby (John Tatoulis, 1992)"
Q1542458,"Sirens (John Duigan, 1994)"
Q127600885,6 Plots (2012)
Q127543729,Skin Deep (2014)
Q57975276,"Slam (Partho Sen-Gupta, 2018)"
Q2294057,"Sleeping Beauty (Julia Leigh, 2011)"
Q127600733,Smoke Between Trees (2021)
Q2133240,"Snowtown (Justin Kurzel, 2011)"
Q7553895,"Soft Fruit (Christina Andreef, 1999)"
Q7558421,"Solo (Morgan O'Neill, 2006)"
Q1513503,"Somersault (Cate Shortland, 2004)"
Q127600304,Somewhere In The Darkness (1999)
Q7560679,"Son of a Gun (Julius Avery, 2014)"
Q7560680,"Son of a Lion (Benjamin Gilmour, 2007)"
Q7765441,"The Sound of One Hand Clapping (Richard Flanagan, 1996)"
Q7568509,"South Solitary (Shirley Barrett, 2010)"
Q7573492,"Spank! (Ernie Clark, 1999)"
Q7577049,"Spider and Rose (Bill Bennett, 1994)"
Q26806022,"Spin Out (Marc Gracie/Tim Ferguson, 2016)"
Q4431081,"Spotswood (Mark Joffe, 1992)"
Q13582546,"The Square (Nash Edgerton, 2008)"
Q22075207,"StalkHer (John Jarratt/Kaarin Fairfax, 2015)"
Q7597991,"Stan and George's New Life (Brian McKenzie, 1992)"
Q96406413,Standing Up for Sunny
Q123740717,A Stitch in Time
Q7618883,"Stone Bros. (Richard Frankland, 2009)"
Q7619903,"Storage (Michael Craft, 2009)"
Q48672814,"Storm Boy (Shawn Seet, 2019)"
Q601100,"Strange Bedfellows (Dean Murphy, 2004)"
Q109917956,Strange Colours
Q3488146,"Strange Fits of Passion (Elise McCredie, 1999)"
Q1282904,"Strange Planet (Emma-Kate Croghan, 1999)"
Q104903195,"The Stranger (Thomas M. Wright, 2022)"
Q16199403,"Strangerland (Kim Farrant, 2015)"
Q7621579,"Strangers (Craig Lahiff, 1991)"
Q106606563,Streamline (2021)
Q1346439,"Strictly Ballroom (Baz Luhrmann, 1992)"
Q3500604,"Struck by Lightning (Jerzy Domaradzki, 1990)"
Q12128471,"Subdivision (Sue Brooks, 2009)"
Q2579375,"Suburban Mayhem (Paul Goldman, 2006)"
Q110269018,Suburban Wildlife
Q122839446,Sucker
Q7767193,"The Sugar Factory (Robert Carter, 1999)"
Q1518910,"The Sum of Us (Kevin Dowling, 1994)"
Q127599809,"Summer Coda (Richard Gray, 2010)"
Q117348347,"A Sunburnt Christmas (Christiaan Van Vuuren, 2020)"
Q123669717,Surviving Georgia (2011)
Q35144519,"Sweet Country (Warwick Thornton, 2017)"
Q127600729,Sweet River (2020)
Q7655538,"Sweet Talker (Michael Jenkins, 1991)"
Q15039544,"Sweethearts (Colin Talbot, 1990)"
Q7655916,"Swerve (Craig Lahiff, 2011)"
Q28797344,"Swinging Safari (Stephan Elliott, 2018)"
Q7677566,"Take Away (Marc Gracie, 2003)"
Q7679625,"Talk (Susan Lambert, 1994)"
Q21428148,"Tanna (Bentley Dean/Martin Butler, 2015)"
Q132048423,The Taverna (Alkinos Tsilimidos)
Q7694561,"Teesh and Trude (Melanie Rodriga, 2002)"
Q127543312,Tempting A Married Man (1992)
Q169087,"Ten Canoes (Rolf de Heer, 2006)"
Q7699189,"Ten Empty (Anthony Hayes, 2008)"
Q4546916,"10 Terrorists (Dee McLachlan, 2012)"
Q7768424,"The Tender Hook (Jonathan Ogilvie, 2008)"
Q7703117,"Terra Nova (Paul Middleditch, 1998)"
Q3522287,"Thank God He Met Lizzie (Cherie Nowlan, 1997)"
Q56744258,"That Eye, the Sky (John Ruane, 1994)"
Q28429752,"That's Not Me (Gregory Erdstein, 2017)"
Q17056664,"These Final Hours (Zak Hilditch, 2013)"
Q7785141,"Thirst (Robert Carter, 2012)"
Q4635211,"33 Postcards (Pauline Chan, 2011)"
Q12129249,"This Won't Hurt a Bit (Chris Kennedy, 1993)"
Q7797343,"Three Blind Mice (Matthew Newton, 2008)"
Q7797456,"Three Dollars (Robert Connolly, 2005)"
Q34411664,"Three Summers (Ben Elton, 2017)"
Q505053,"Thunderstruck (Darren Ashton, 2004)"
Q7802187,"Till Human Voices Wake Us (Michael Petroni, 2002)"
Q7802205,"Till There Was You (John Seale, 1990)"
Q7810947,"To Have & to Hold (John Hillcoat, 1996)"
Q7818034,"Tom White (Alkinos Tsilimidos, 2004)"
Q115993,"Tomorrow, When the War Began (Stuart Beattie, 2010)"
Q7824128,"Toomelah (Ivan Sen, 2011)"
Q61740832,"Top End Wedding (Wayne Blair, 2019)"
Q110940206,Dawn (2014)
Q20076479,"Touch Me (Paul Cox, 1993)"
Q3523062,"The Tracker (Rolf de Heer, 2002)"
Q7831579,"Tracks (John Curran, 2013)"
Q7835668,"Traps (Pauline Chan, 1994)"
Q7836076,"Travelling Light (Kathryn Millard, 2003)"
Q1323303,"The Tree (Julie Bertuccelli, 2010)"
Q56274013,"True History of the Kelly Gang (Justin Kurzel, 2019)"
Q7847467,"True Love and Chaos (Stavros Kazantzidis, 1996)"
Q127543651,The Tumbler (2010)
Q3015204,"The Tunnel (Carlo Ledesma, 2011)"
Q7853299,"Tunnel Vision (Clive Fleury, 1995)"
Q7770748,"The Turning (Anthony Lucas/Ashlee Page/Cate Blanchett/Claire McCarthy/David Wenham/Ian Meadows/Jonathan auf der Heide/Jub Clerc/Justin Kurzel/Marieka Walsh/Mia Wasikowska/Rhys Graham/Robert Connolly/Shaun Gladwell/Simon Stone/Stephen Page/Tony Ayres/Warwick Thornton/Yaron Lifschitz, 2013)"
Q97332807,"Turning April (Geoff Bennett, 1995)"
Q7856378,"Turtle Beach (Stephen Wallace, 1992)"
Q99751860,"2067 (Seth Larney, 2020)"
Q7858279,"Twin Rivers (Matthew Holmes, 2007)"
Q7858956,"Two Fists, One Heart (Shawn Seet, 2008)"
Q2699724,"Two Hands (Gregor Jordan, 1999)"
Q106819280,"Two Heads Creek (Jesse O'Brien, 2019)"
Q221992,"2:37 (Murali K. Thalluri, 2006)"
Q4633009,"2:22 (Paul Currie, 2017)"
Q1810314,"Undead (Michael Spierig/Peter Spierig, 2003)"
Q127600934,Under A Red Moon (2009)
Q127599938,Suite For Fleur (2012)
Q7883338,"Under the Lighthouse Dancing (Graeme Rattigan, 1997)"
Q7883370,"Under the Radar (Evan Clarry, 2004)"
Q117790071,Undertow
Q7884348,"Unfinished Sky (Peter Duncan, 2007)"
Q19880155,"UNindian (Anupam Sharma, 2015)"
Q127600737,Unsound (2021)
Q571053,"Until the End of the World (Wim Wenders, 1991)"
Q30611788,"Upgrade (Leigh Whannell, 2018)"
Q7907878,"Vacant Possession (Margot Nash, 1995)"
Q24154,"Van Diemen's Land (Jonathan auf der Heide, 2009)"
Q127599795,Verite (2007)
Q86756922,"The Very Excellent Mr. Dundee (Dean Murphy, 2020)"
Q17030791,"Video Fool for Love (Robert Gibson, 1996)"
Q115516820,The View from Greenhaven (2008)
Q7936343,"Visitors (Richard Franklin, 2003)"
Q7960530,"Waiting (Jackie McKimmie, 1991)"
Q7773224,"The Waiting City (Claire McCarthy, 2009)"
Q132636571,Wakey Wakey (2012)
Q7962123,"Walk the Talk (Shirley Barrett, 2001)"
Q2542475,"Walking on Water (Tony Ayres, 2002)"
Q7773437,"The Wannabes (Nick Giannopoulos, 2003)"
Q127600184,Waste (1998)
Q7972859,"Wasted on the Young (Ben C. Lucas, 2010)"
Q127600159,Watch The Sunset (2017)
Q15411503,"The Water Diviner (Russell Crowe, 2014)"
Q122912808,Watermark (Georgina Willis)
Q127600212,The Wedding Party (2012)
Q7979467,"Weekend with Kate (Arch Nicholson, 1990)"
Q2902017,"Welcome to Woop Woop (Stephan Elliott, 1997)"
Q5361998,"The Well (Samantha Lang, 1997)"
Q15039829,"Wendy Cracked a Walnut (Michael Pattinson, 1990)"
Q7984203,"West (Daniel Krige, 2007)"
Q85815146,West of Sunshine
Q7991170,"What I Have Written (John Hughes, 1996)"
Q127600973,What If It Works? (2017)
Q109236379,"When Pomegranates Howl (Granaz Moussavi, 2020)"
Q1168478,"Wide Sargasso Sea (John Duigan, 1993)"
Q127543506,Wil (2006)
Q8002650,"WillFull (Rebel Penfold-Russell, 2002)"
Q28129017,"William Kelly's War (Geoff Davis, 2014)"
Q28968028,"Winchester (Michael Spierig/Peter Spierig, 2018)"
Q15706385,"Wish You Were Here (Kieran Darcy-Smith, 2011)"
Q7775405,"The Wog Boy (Aleksi Vellis, 2000)"
Q1633106,"Wolf Creek (Greg McLean, 2005)"
Q16022015,"Wolf Creek 2 (Greg McLean, 2014)"
Q4660710,"A Woman's Tale (Paul Cox, 1991)"
Q12816822,"Wyrmwood (Kiah Roache-Turner, 2014)"
Q2914816,"X: Night of Vengeance (Jon Hewitt, 2011)"
Q8054799,"Yolngu Boy (Stephen Johnson, 2001)"
Q8057696,"You and Your Stupid Mate (Marc Gracie, 2005)"
Q127599763,You Can't Push The River (1993)
Q4466958,"You Can't Stop the Murders (Anthony Mir, 2003)"
Q8073901,"Zone 39 (John Tatoulis, 1996)"
